team,opponent,date,shots,shots_on_target,possession,passes,pass_accuracy,fouls,yellow_cards,red_cards,offsides,corners,result
TeamG,TeamD,2020-01-01,17,14,57,284,83,16,4,2,3,3,1
TeamH,TeamF,2020-01-06,7,0,46,435,60,8,0,1,3,7,0
TeamE,TeamI,2020-01-09,5,4,59,541,80,12,4,1,1,8,1
TeamJ,TeamE,2020-01-17,15,5,45,272,86,20,4,2,1,7,-1
TeamD,TeamG,2020-01-18,6,0,30,331,86,17,0,1,3,10,-1
TeamI,TeamH,2020-01-19,5,0,67,513,63,17,2,1,0,9,0
TeamC,TeamE,2020-01-19,10,6,67,502,63,16,4,1,6,5,-1
TeamJ,TeamA,2020-01-21,7,5,50,355,74,14,5,2,3,6,0
TeamE,TeamD,2020-01-24,5,5,60,203,90,20,2,1,6,4,0
TeamC,TeamF,2020-01-28,12,12,36,478,93,7,4,0,3,5,1
TeamJ,TeamC,2020-01-29,18,8,56,215,94,8,1,0,3,9,0
TeamB,TeamH,2020-02-01,6,2,42,494,72,5,1,2,4,4,-1
TeamA,TeamI,2020-02-02,23,9,43,232,94,16,5,0,5,3,1
TeamJ,TeamA,2020-02-04,21,3,35,200,87,14,2,1,2,12,0
TeamE,TeamC,2020-02-09,22,16,52,574,93,5,4,0,6,8,1
TeamE,TeamG,2020-02-10,17,16,36,562,77,17,1,1,5,4,1
TeamI,TeamG,2020-02-16,12,6,64,454,86,5,4,0,6,4,1
TeamI,TeamJ,2020-02-26,9,5,68,226,80,8,4,2,1,6,-1
TeamA,TeamF,2020-02-29,16,14,40,504,69,17,5,2,1,9,1
TeamA,TeamD,2020-03-01,9,7,34,436,77,20,0,2,2,10,-1
TeamG,TeamH,2020-03-07,19,10,33,569,72,16,4,0,3,7,1
TeamA,TeamD,2020-03-11,17,14,48,344,62,9,5,2,6,4,0
TeamI,TeamD,2020-03-15,15,5,66,226,92,19,1,2,1,11,0
TeamA,TeamC,2020-03-16,12,8,68,232,62,7,5,1,3,2,0
TeamF,TeamB,2020-03-21,22,16,30,404,68,9,5,1,0,4,1
TeamG,TeamF,2020-03-24,19,0,47,293,87,9,3,2,2,11,-1
TeamA,TeamD,2020-03-24,19,3,50,206,77,6,1,2,0,2,-1
TeamJ,TeamH,2020-03-25,9,8,54,580,64,17,1,2,2,3,0
TeamF,TeamC,2020-03-28,21,13,60,279,80,19,4,1,5,4,1
TeamA,TeamI,2020-03-30,15,15,57,591,91,19,3,0,3,4,1
TeamI,TeamC,2020-03-31,11,11,49,557,92,14,5,1,3,6,1
TeamJ,TeamC,2020-03-31,22,17,49,452,66,15,4,0,4,4,1
TeamI,TeamJ,2020-04-01,8,4,32,478,72,14,5,1,5,5,-1
TeamF,TeamG,2020-04-04,11,10,52,600,90,7,3,1,0,10,1
TeamB,TeamH,2020-04-07,7,3,35,249,76,19,4,2,2,12,-1
TeamE,TeamF,2020-04-09,17,17,41,325,90,17,3,1,3,4,1
TeamA,TeamC,2020-04-13,24,16,57,204,60,10,0,0,2,5,1
TeamE,TeamI,2020-04-13,25,0,46,278,81,10,4,2,4,11,-1
TeamI,TeamG,2020-04-13,19,4,30,207,69,15,3,1,6,7,-1
TeamH,TeamC,2020-04-16,14,0,36,299,94,16,0,0,1,10,-1
TeamC,TeamH,2020-04-18,7,7,68,438,60,7,0,0,6,3,1
TeamE,TeamC,2020-04-22,24,17,37,318,75,5,2,0,4,2,1
TeamI,TeamJ,2020-04-23,10,8,66,516,88,20,4,1,1,3,1
TeamA,TeamC,2020-04-23,13,2,35,204,73,10,5,1,2,11,-1
TeamB,TeamI,2020-04-24,5,4,59,240,74,11,3,1,1,12,-1
TeamI,TeamA,2020-04-26,24,15,66,551,94,16,2,0,3,2,1
TeamA,TeamD,2020-04-26,14,7,70,569,95,10,0,1,6,5,1
TeamE,TeamC,2020-05-02,17,16,54,302,84,9,4,0,6,11,1
TeamJ,TeamD,2020-05-03,25,19,56,404,90,15,1,2,2,4,1
TeamD,TeamI,2020-05-05,16,9,51,236,86,15,4,1,3,7,-1
TeamB,TeamI,2020-05-05,22,6,50,410,90,5,3,1,5,4,-1
TeamE,TeamJ,2020-05-05,24,24,53,355,62,7,4,1,0,11,1
TeamA,TeamJ,2020-05-06,17,9,37,277,72,6,0,1,5,12,-1
TeamD,TeamA,2020-05-07,5,0,64,254,90,9,1,0,0,12,-1
TeamF,TeamC,2020-05-07,20,1,34,444,94,10,3,2,5,4,-1
TeamB,TeamF,2020-05-08,12,3,42,333,75,20,1,2,1,9,-1
TeamC,TeamG,2020-05-13,12,1,42,327,81,11,3,1,0,11,-1
TeamD,TeamF,2020-05-15,7,2,68,502,62,14,4,2,5,10,-1
TeamC,TeamH,2020-05-17,10,0,70,544,84,12,1,2,4,9,-1
TeamB,TeamH,2020-05-18,15,4,38,304,92,19,1,0,1,6,1
TeamI,TeamH,2020-05-20,20,6,35,279,79,13,5,1,5,10,1
TeamF,TeamD,2020-05-20,22,22,64,301,80,5,0,0,5,9,1
TeamH,TeamI,2020-05-20,21,14,66,486,62,11,4,1,0,2,1
TeamD,TeamB,2020-05-21,25,12,47,324,73,8,0,1,4,12,-1
TeamE,TeamF,2020-05-22,9,7,53,593,71,6,5,1,3,9,1
TeamH,TeamC,2020-05-23,7,0,69,543,82,6,2,2,1,11,-1
TeamF,TeamD,2020-05-27,19,12,59,235,82,10,4,2,5,7,1
TeamA,TeamF,2020-05-29,19,3,59,579,90,8,2,1,2,4,0
TeamJ,TeamD,2020-06-04,15,7,55,455,94,17,2,0,2,4,-1
TeamF,TeamJ,2020-06-07,13,11,46,283,76,14,3,0,4,7,1
TeamF,TeamC,2020-06-07,20,19,41,433,88,7,0,2,4,2,1
TeamC,TeamF,2020-06-09,16,14,70,409,74,10,5,0,1,12,0
TeamH,TeamB,2020-06-15,15,11,45,507,91,16,3,2,2,3,1
TeamG,TeamB,2020-06-23,8,2,43,309,79,12,4,0,2,10,-1
TeamB,TeamD,2020-06-25,7,5,46,472,65,10,0,0,4,4,-1
TeamB,TeamD,2020-06-27,18,8,66,289,66,10,5,2,1,5,0
TeamG,TeamF,2020-06-28,23,19,54,486,65,11,4,1,1,3,1
TeamG,TeamE,2020-06-30,25,6,45,517,70,17,5,0,5,9,1
TeamG,TeamA,2020-07-04,20,7,69,526,95,7,5,0,5,6,1
TeamJ,TeamI,2020-07-08,8,0,30,201,66,12,2,0,6,12,-1
TeamB,TeamD,2020-07-12,17,0,42,316,91,16,3,1,5,3,-1
TeamC,TeamG,2020-07-13,20,11,43,481,85,12,2,2,6,12,-1
TeamG,TeamA,2020-07-13,22,5,63,286,87,13,3,2,6,8,-1
TeamA,TeamC,2020-07-26,16,3,61,510,90,19,0,2,1,4,0
TeamJ,TeamG,2020-07-27,19,2,63,264,79,15,4,0,1,5,0
TeamA,TeamF,2020-07-28,12,4,44,349,76,10,4,0,4,3,-1
TeamB,TeamF,2020-07-29,6,1,66,459,82,19,2,2,3,8,-1
TeamE,TeamJ,2020-07-29,5,1,41,461,65,12,3,0,5,3,-1
TeamI,TeamD,2020-07-30,18,2,68,517,80,12,0,0,2,7,0
TeamI,TeamJ,2020-08-03,14,14,36,287,93,20,1,1,4,5,-1
TeamB,TeamA,2020-08-05,7,5,68,358,67,17,4,1,1,4,0
TeamF,TeamH,2020-08-10,23,8,39,228,89,20,5,1,0,7,1
TeamE,TeamD,2020-08-12,6,5,48,378,72,10,4,0,5,5,0
TeamG,TeamC,2020-08-13,13,9,51,411,69,12,0,2,6,11,-1
TeamD,TeamI,2020-08-14,8,6,47,323,64,15,4,1,4,6,-1
TeamC,TeamA,2020-08-15,22,11,54,439,74,15,1,2,0,12,1
TeamF,TeamE,2020-08-15,24,16,69,361,88,14,5,2,6,5,1
TeamH,TeamE,2020-08-16,7,4,67,423,91,13,0,2,3,6,0
TeamH,TeamG,2020-08-20,5,2,35,318,70,17,5,2,4,5,-1
TeamE,TeamH,2020-08-23,20,6,55,220,82,11,2,2,2,8,-1
TeamD,TeamG,2020-08-26,22,3,58,577,94,9,0,2,6,5,0
TeamD,TeamB,2020-08-27,17,10,40,556,85,7,1,0,1,10,1
TeamC,TeamD,2020-08-27,7,4,53,277,76,10,5,2,5,10,1
TeamH,TeamD,2020-08-27,16,7,48,237,71,8,2,1,4,11,-1
TeamH,TeamJ,2020-08-29,6,0,57,227,87,11,0,1,4,8,-1
TeamF,TeamA,2020-08-31,7,6,42,456,67,18,4,2,5,11,1
TeamI,TeamB,2020-09-04,20,16,69,545,66,20,5,0,6,10,0
TeamF,TeamA,2020-09-05,19,14,30,392,75,13,4,0,5,8,1
TeamF,TeamI,2020-09-05,18,5,44,313,83,19,2,0,6,6,1
TeamC,TeamI,2020-09-07,25,6,57,291,74,20,4,1,3,9,0
TeamE,TeamB,2020-09-11,18,10,31,332,94,5,2,2,4,7,1
TeamE,TeamG,2020-09-12,24,12,32,523,90,17,5,2,0,4,0
TeamC,TeamE,2020-09-13,19,4,44,592,73,8,3,2,1,8,-1
TeamD,TeamA,2020-09-13,22,8,53,278,95,18,5,2,0,2,-1
TeamE,TeamD,2020-09-15,8,5,62,580,92,7,2,0,3,10,1
TeamG,TeamC,2020-09-15,12,7,35,310,70,18,5,0,4,9,0
TeamI,TeamB,2020-09-18,11,5,47,546,95,18,1,0,3,7,0
TeamG,TeamE,2020-09-20,11,8,45,385,61,8,4,0,1,12,-1
TeamA,TeamB,2020-09-26,7,3,44,327,70,20,0,2,1,10,0
TeamF,TeamJ,2020-09-27,11,1,32,281,82,7,1,0,0,12,0
TeamH,TeamE,2020-09-29,16,0,54,531,74,17,3,0,5,2,-1
TeamB,TeamE,2020-09-29,13,13,55,460,86,14,5,1,2,4,1
TeamH,TeamD,2020-09-30,19,16,70,354,93,6,1,0,2,8,1
TeamB,TeamD,2020-09-30,6,5,68,506,75,10,3,2,2,6,1
TeamA,TeamG,2020-10-03,5,5,40,250,77,5,0,1,4,4,1
TeamH,TeamF,2020-10-10,16,7,45,451,79,10,5,2,0,7,-1
TeamI,TeamF,2020-10-11,12,3,61,494,88,11,5,2,6,3,0
TeamH,TeamJ,2020-10-17,18,15,41,329,75,14,3,1,6,8,1
TeamH,TeamD,2020-10-19,13,3,50,443,89,20,3,1,5,8,0
TeamB,TeamF,2020-10-22,20,1,39,316,76,20,5,2,4,4,-1
TeamE,TeamC,2020-10-23,5,4,39,247,79,12,2,1,2,4,-1
TeamE,TeamH,2020-10-24,16,2,51,504,83,11,5,2,6,11,-1
TeamE,TeamI,2020-10-25,14,4,43,470,79,9,2,0,6,9,0
TeamI,TeamJ,2020-10-28,14,5,69,402,89,5,3,2,4,8,0
TeamG,TeamD,2020-10-29,25,20,55,591,84,12,1,2,4,11,1
TeamB,TeamF,2020-10-31,22,10,34,328,88,5,3,0,5,5,1
TeamE,TeamG,2020-10-31,20,4,54,201,89,11,2,1,3,8,1
TeamH,TeamF,2020-11-02,25,4,35,314,90,16,5,0,3,2,1
TeamJ,TeamE,2020-11-04,22,7,60,583,83,7,5,1,2,5,-1
TeamJ,TeamH,2020-11-08,20,11,41,350,60,8,5,2,1,6,-1
TeamB,TeamH,2020-11-11,25,22,56,350,70,6,1,0,2,7,1
TeamJ,TeamH,2020-11-11,18,2,69,474,61,19,4,1,2,8,0
TeamH,TeamD,2020-11-12,24,19,62,434,69,6,1,1,1,6,1
TeamH,TeamB,2020-11-14,19,6,68,481,85,9,4,0,3,11,-1
TeamA,TeamJ,2020-11-15,25,3,53,248,65,16,4,0,6,12,0
TeamC,TeamJ,2020-11-17,15,5,63,538,71,7,2,1,3,3,1
TeamE,TeamB,2020-11-19,7,5,37,533,92,12,5,2,5,9,-1
TeamF,TeamI,2020-11-22,5,2,37,539,74,5,3,1,4,10,-1
TeamJ,TeamH,2020-11-29,17,6,45,424,74,11,3,2,2,10,0
TeamB,TeamF,2020-12-01,11,3,40,371,84,11,2,2,6,3,0
TeamI,TeamH,2020-12-02,20,20,57,221,85,10,0,0,4,7,1
TeamJ,TeamI,2020-12-04,20,8,34,272,62,7,5,1,6,11,-1
TeamD,TeamA,2020-12-08,18,3,35,369,94,20,3,0,1,4,-1
TeamD,TeamC,2020-12-10,25,3,41,478,81,13,5,2,6,12,-1
TeamC,TeamB,2020-12-12,8,6,37,437,77,19,5,0,2,11,-1
TeamI,TeamC,2020-12-12,10,0,60,332,64,7,3,2,6,5,0
TeamG,TeamH,2020-12-13,11,1,30,322,63,7,5,0,1,4,-1
TeamF,TeamE,2020-12-16,18,18,43,374,94,9,1,2,1,9,1
TeamG,TeamI,2020-12-17,11,6,39,495,73,9,3,2,4,5,0
TeamJ,TeamG,2020-12-18,19,14,38,546,71,11,0,0,5,12,1
TeamH,TeamA,2020-12-21,9,1,42,267,79,19,2,1,1,10,-1
TeamI,TeamD,2020-12-23,8,6,69,577,86,20,5,2,3,5,1
TeamG,TeamH,2020-12-25,16,11,35,383,76,5,2,0,2,6,1
TeamF,TeamJ,2021-01-02,11,8,67,307,88,13,0,1,2,12,-1
TeamE,TeamB,2021-01-06,15,12,63,222,81,7,3,2,6,12,1
TeamB,TeamI,2021-01-06,14,2,57,470,79,18,0,0,1,2,-1
TeamB,TeamJ,2021-01-07,7,6,31,433,95,10,0,2,4,6,1
TeamB,TeamA,2021-01-07,20,12,66,218,62,13,2,2,6,8,0
TeamF,TeamH,2021-01-08,21,12,46,405,69,20,5,0,0,6,-1
TeamJ,TeamF,2021-01-10,20,19,35,273,64,6,0,2,2,7,1
TeamG,TeamD,2021-01-11,10,8,66,594,82,14,5,1,2,9,-1
TeamH,TeamC,2021-01-11,19,1,46,343,80,6,1,2,2,9,-1
TeamD,TeamF,2021-01-12,8,1,68,492,89,9,0,2,0,5,-1
TeamI,TeamA,2021-01-12,6,0,66,550,94,6,4,1,2,12,-1
TeamF,TeamE,2021-01-15,7,7,40,326,92,8,1,0,0,12,0
TeamB,TeamD,2021-01-16,25,17,70,444,62,14,3,0,0,11,0
TeamD,TeamF,2021-01-20,20,20,50,568,81,10,3,1,1,9,1
TeamB,TeamC,2021-01-21,22,14,62,296,87,19,0,2,3,10,1
TeamH,TeamE,2021-01-21,18,18,67,577,78,12,1,2,3,6,1
TeamG,TeamB,2021-01-22,25,17,33,206,93,20,0,1,2,2,1
TeamC,TeamH,2021-01-23,16,12,51,234,76,19,5,2,0,4,1
TeamF,TeamB,2021-01-24,14,8,37,389,75,6,1,0,6,7,1
TeamF,TeamI,2021-01-30,21,5,41,425,88,16,5,1,5,2,0
TeamC,TeamI,2021-02-01,17,12,47,546,93,6,0,0,4,12,1
TeamF,TeamC,2021-02-05,9,2,57,433,95,8,2,2,2,6,0
TeamG,TeamI,2021-02-05,16,16,50,286,78,15,0,2,5,9,1
TeamB,TeamG,2021-02-09,25,9,36,554,93,8,2,0,6,4,1
TeamG,TeamH,2021-02-09,5,3,41,514,87,19,5,2,4,5,-1
TeamH,TeamF,2021-02-11,8,1,58,393,94,17,3,1,0,10,-1
TeamD,TeamF,2021-02-14,14,0,67,517,95,12,1,0,2,11,0
TeamH,TeamD,2021-02-15,17,15,70,368,61,15,0,0,0,5,1
TeamB,TeamJ,2021-02-16,13,6,64,471,93,16,0,2,4,11,1
TeamE,TeamH,2021-02-17,16,6,33,432,86,14,1,1,0,8,0
TeamG,TeamA,2021-02-18,10,5,59,494,71,18,1,1,3,11,-1
TeamA,TeamJ,2021-02-18,10,5,32,547,81,9,4,2,3,11,1
TeamE,TeamD,2021-02-19,20,10,68,503,86,12,2,1,0,7,0
TeamC,TeamF,2021-02-21,23,20,50,575,64,7,1,1,2,3,1
TeamJ,TeamH,2021-02-22,14,7,41,455,64,6,1,1,6,8,-1
TeamE,TeamA,2021-02-24,11,1,70,328,94,18,1,0,2,11,-1
TeamF,TeamB,2021-03-01,9,8,42,578,73,18,2,1,4,12,1
TeamC,TeamA,2021-03-02,10,5,53,243,77,5,4,2,5,6,0
TeamE,TeamD,2021-03-04,23,6,39,284,83,13,1,0,1,10,0
TeamA,TeamH,2021-03-04,8,8,60,522,81,17,2,0,0,8,0
TeamG,TeamD,2021-03-10,7,6,44,404,68,10,3,1,2,10,1
TeamE,TeamC,2021-03-11,25,1,70,202,91,20,4,2,2,6,-1
TeamD,TeamH,2021-03-11,22,17,42,509,79,20,4,2,0,2,1
TeamC,TeamH,2021-03-16,15,14,57,592,93,19,1,0,4,2,1
TeamF,TeamI,2021-03-19,17,12,46,372,60,10,1,2,1,4,1
TeamC,TeamE,2021-03-21,10,7,69,581,84,8,2,2,1,8,-1
TeamC,TeamE,2021-03-24,9,6,56,599,77,20,1,1,0,5,0
TeamH,TeamD,2021-03-25,14,5,51,519,81,6,5,2,6,2,0
TeamF,TeamE,2021-03-25,13,13,55,534,67,15,3,1,4,10,1
TeamE,TeamB,2021-03-28,9,8,47,455,90,11,3,0,4,10,-1
TeamB,TeamJ,2021-03-30,18,18,52,370,65,13,1,2,4,12,1
TeamA,TeamH,2021-03-31,5,5,44,553,88,7,5,2,5,11,1
TeamD,TeamJ,2021-04-01,18,0,55,477,89,19,0,0,0,3,0
TeamF,TeamJ,2021-04-03,8,7,30,301,73,10,2,0,6,5,0
TeamA,TeamG,2021-04-04,17,8,45,276,74,13,5,2,2,6,1
TeamJ,TeamC,2021-04-07,24,11,57,598,83,14,0,2,6,9,0
TeamH,TeamA,2021-04-07,13,12,58,580,79,18,1,2,5,12,1
TeamE,TeamG,2021-04-08,5,5,41,421,81,9,2,0,5,5,0
TeamA,TeamG,2021-04-08,24,8,39,446,62,12,4,0,1,9,1
TeamA,TeamD,2021-04-11,12,2,48,530,78,17,2,1,2,9,-1
TeamJ,TeamD,2021-04-12,10,8,31,517,63,18,5,1,6,12,0
TeamI,TeamG,2021-04-16,9,6,31,243,88,14,2,2,4,10,1
TeamJ,TeamI,2021-04-17,5,5,58,267,71,14,5,2,4,2,-1
TeamJ,TeamB,2021-04-18,24,21,32,319,95,19,3,0,5,3,1
TeamD,TeamC,2021-04-18,17,4,47,566,90,17,4,1,1,4,-1
TeamH,TeamA,2021-04-26,7,1,34,362,80,5,0,0,2,6,-1
TeamD,TeamJ,2021-04-28,20,6,45,225,65,17,2,0,5,5,0
TeamI,TeamD,2021-04-30,25,1,54,584,77,15,2,1,6,10,-1
TeamD,TeamE,2021-04-30,5,2,36,591,83,7,0,1,2,8,0
TeamF,TeamB,2021-05-01,24,0,37,303,92,5,2,0,4,3,-1
TeamH,TeamJ,2021-05-02,24,23,30,420,95,11,5,1,4,2,1
TeamD,TeamC,2021-05-02,9,5,38,516,72,18,4,1,5,8,0
TeamD,TeamG,2021-05-02,7,7,36,309,80,13,2,0,0,7,0
TeamA,TeamG,2021-05-03,5,1,70,549,73,19,2,1,1,6,-1
TeamC,TeamD,2021-05-04,6,0,63,288,88,5,3,2,2,10,-1
TeamB,TeamA,2021-05-05,16,4,42,307,78,9,2,2,1,6,-1
TeamA,TeamB,2021-05-10,15,8,38,582,85,16,2,1,1,11,-1
TeamG,TeamE,2021-05-12,5,5,54,558,90,9,1,0,3,2,1
TeamB,TeamI,2021-05-12,22,5,32,240,89,13,0,0,5,6,1
TeamA,TeamF,2021-05-16,5,4,57,428,69,8,2,0,4,12,0
TeamA,TeamC,2021-05-17,16,11,37,380,84,19,1,0,6,11,1
TeamD,TeamC,2021-05-23,20,18,62,469,87,20,2,2,1,4,1
TeamJ,TeamF,2021-05-24,22,9,31,305,60,15,5,2,0,8,1
TeamA,TeamI,2021-05-31,11,3,69,445,66,8,2,0,3,2,-1
TeamE,TeamG,2021-06-03,5,4,47,288,65,19,4,2,2,2,1
TeamC,TeamI,2021-06-04,5,0,64,556,87,17,4,0,5,11,-1
TeamB,TeamC,2021-06-11,13,6,42,378,80,10,0,1,6,8,-1
TeamF,TeamG,2021-06-13,8,0,54,589,85,16,3,0,4,12,-1
TeamF,TeamC,2021-06-14,7,2,42,258,78,20,4,2,6,2,-1
TeamJ,TeamA,2021-06-20,20,5,59,346,84,6,1,1,2,4,-1
TeamG,TeamD,2021-06-20,19,3,64,229,94,11,0,2,4,10,-1
TeamH,TeamE,2021-06-20,10,1,58,584,68,10,2,0,4,10,0
TeamH,TeamI,2021-06-22,9,8,67,429,83,18,2,2,0,9,0
TeamE,TeamH,2021-06-24,18,15,62,438,69,18,1,0,5,5,1
TeamG,TeamD,2021-06-26,10,10,50,540,61,10,3,2,4,4,0
TeamJ,TeamI,2021-06-27,19,13,47,576,62,18,1,0,3,6,1
TeamB,TeamC,2021-07-02,15,10,54,252,66,8,1,0,3,11,0
TeamC,TeamG,2021-07-02,18,1,33,317,74,17,1,0,2,10,-1
TeamB,TeamI,2021-07-06,13,6,65,355,70,17,1,1,1,10,-1
TeamA,TeamG,2021-07-07,17,0,63,439,84,14,1,1,4,12,-1
TeamF,TeamG,2021-07-11,9,9,56,567,70,12,4,0,2,5,1
TeamG,TeamJ,2021-07-11,25,6,60,497,64,13,5,0,0,7,0
TeamJ,TeamD,2021-07-15,25,6,59,599,84,5,5,2,4,2,0
TeamC,TeamA,2021-07-16,18,17,36,288,63,19,3,2,5,10,1
TeamC,TeamJ,2021-07-21,9,3,68,390,83,6,1,2,2,4,0
TeamA,TeamE,2021-07-21,7,7,44,252,66,12,0,0,1,6,1
TeamD,TeamH,2021-07-22,13,8,41,599,93,9,0,2,6,7,1
TeamG,TeamJ,2021-07-24,6,4,35,328,81,12,0,1,4,2,0
TeamD,TeamF,2021-07-27,17,0,50,212,70,9,0,1,4,10,-1
TeamE,TeamI,2021-07-27,20,9,60,597,81,16,2,2,6,11,1
TeamG,TeamI,2021-07-28,9,0,62,544,65,13,3,0,0,4,-1
TeamA,TeamE,2021-08-04,20,0,51,599,88,13,5,0,0,3,-1
TeamA,TeamJ,2021-08-04,14,6,48,376,80,15,0,2,1,10,-1
TeamE,TeamB,2021-08-05,16,12,41,550,85,15,4,2,4,2,-1
TeamG,TeamH,2021-08-08,20,12,64,273,61,8,1,0,5,10,1
TeamG,TeamB,2021-08-09,5,1,34,508,92,12,1,0,5,4,0
TeamD,TeamH,2021-08-09,20,0,53,265,75,8,1,2,1,7,-1
TeamE,TeamC,2021-08-13,8,4,60,363,73,16,4,2,3,12,-1
TeamE,TeamA,2021-08-15,9,8,59,483,87,20,5,2,0,2,1
TeamG,TeamA,2021-08-20,12,1,42,202,63,9,5,1,5,3,0
TeamD,TeamA,2021-08-22,19,17,67,352,74,14,2,0,4,11,1
TeamG,TeamE,2021-08-24,11,7,43,477,75,20,3,0,3,9,0
TeamI,TeamJ,2021-08-25,13,4,42,234,66,9,3,2,3,4,0
TeamI,TeamB,2021-08-26,5,5,51,350,71,10,5,0,5,12,1
TeamJ,TeamI,2021-08-28,20,14,39,587,74,6,3,1,2,7,1
TeamG,TeamB,2021-09-01,20,16,44,582,82,5,5,0,6,8,1
TeamD,TeamE,2021-09-01,7,2,49,325,60,5,5,1,4,10,0
TeamC,TeamH,2021-09-03,5,5,46,479,69,7,4,1,3,12,-1
TeamH,TeamC,2021-09-07,8,2,31,597,67,15,4,1,1,9,-1
TeamC,TeamA,2021-09-13,19,18,30,435,65,8,3,2,3,5,1
TeamC,TeamB,2021-09-18,7,5,60,237,72,20,1,1,6,12,-1
TeamH,TeamB,2021-09-21,15,10,53,566,76,12,1,1,0,11,1
TeamA,TeamH,2021-09-23,12,7,38,552,95,9,1,2,4,5,0
TeamJ,TeamA,2021-09-23,18,2,34,507,85,11,1,1,0,10,-1
TeamE,TeamD,2021-09-28,22,15,51,416,85,19,4,0,0,5,1
TeamI,TeamB,2021-09-29,8,4,69,408,90,8,2,2,5,9,0
TeamF,TeamG,2021-09-29,6,0,37,512,72,20,0,2,4,10,-1
TeamF,TeamI,2021-09-30,20,8,69,262,77,9,4,1,1,5,0
TeamA,TeamB,2021-10-02,13,5,58,406,64,17,3,0,5,11,-1
TeamB,TeamF,2021-10-03,6,4,35,380,65,11,1,0,5,4,-1
TeamA,TeamC,2021-10-05,12,8,48,211,63,17,3,0,2,5,1
TeamG,TeamA,2021-10-06,23,7,57,332,62,18,3,2,4,8,-1
TeamC,TeamA,2021-10-08,8,8,55,239,85,6,3,2,6,5,1
TeamD,TeamH,2021-10-08,18,11,50,206,69,12,2,1,1,7,1
TeamF,TeamJ,2021-10-10,10,0,40,217,87,8,5,2,3,8,-1
TeamE,TeamD,2021-10-11,5,2,55,421,90,17,0,0,2,10,0
TeamB,TeamC,2021-10-12,12,3,66,224,92,9,0,2,6,6,0
TeamG,TeamF,2021-10-14,7,4,36,361,60,15,0,0,2,8,0
TeamH,TeamI,2021-10-20,10,5,70,206,88,9,5,1,2,3,-1
TeamJ,TeamC,2021-10-22,5,3,36,392,83,7,0,1,6,4,0
TeamC,TeamE,2021-10-24,19,10,67,559,79,16,5,1,0,3,1
TeamG,TeamJ,2021-10-24,11,1,36,480,91,11,4,2,3,7,-1
TeamF,TeamE,2021-10-27,22,7,56,561,93,17,4,0,1,5,-1
TeamJ,TeamI,2021-10-28,24,18,69,220,65,13,5,2,6,3,1
TeamF,TeamB,2021-10-28,22,15,47,399,92,5,4,0,2,3,1
TeamI,TeamA,2021-10-31,12,12,48,431,65,12,4,0,4,9,0
TeamA,TeamI,2021-11-05,17,10,49,216,85,16,2,0,4,2,1
TeamH,TeamF,2021-11-09,21,9,30,204,68,16,2,1,0,9,0
TeamJ,TeamI,2021-11-11,8,1,47,518,79,6,1,2,4,3,-1
TeamI,TeamJ,2021-11-12,16,13,61,288,81,15,4,0,6,3,0
TeamJ,TeamA,2021-11-14,14,9,40,445,80,5,1,1,6,5,0
TeamG,TeamH,2021-11-14,20,2,44,235,95,11,1,2,1,10,0
TeamI,TeamH,2021-11-27,7,5,35,460,91,17,5,1,4,12,-1
TeamI,TeamB,2021-11-30,12,0,65,438,75,8,1,0,0,5,-1
TeamC,TeamI,2021-12-06,14,10,47,592,71,9,0,1,1,9,1
TeamB,TeamC,2021-12-07,17,15,46,532,73,17,5,0,0,5,1
TeamF,TeamG,2021-12-08,14,3,37,366,82,20,3,1,5,6,-1
TeamJ,TeamD,2021-12-14,11,8,43,488,89,6,4,2,6,12,1
TeamH,TeamI,2021-12-14,9,4,44,477,95,7,0,1,0,11,-1
TeamH,TeamC,2021-12-15,8,2,61,303,78,18,2,0,6,10,-1
TeamJ,TeamD,2021-12-16,6,5,58,340,77,20,1,0,6,8,0
TeamI,TeamG,2021-12-20,21,7,39,358,66,13,1,1,5,12,0
TeamA,TeamH,2021-12-23,19,15,55,533,64,16,5,2,5,5,0
TeamH,TeamI,2021-12-28,12,9,61,370,72,17,3,0,6,3,1
TeamA,TeamG,2021-12-29,13,8,47,256,95,8,4,0,5,6,1
TeamE,TeamJ,2021-12-29,15,10,47,458,81,18,3,0,6,6,1
TeamD,TeamE,2022-01-09,15,12,67,596,82,14,0,2,2,11,0
TeamD,TeamI,2022-01-10,21,6,47,274,72,16,4,1,0,3,0
TeamJ,TeamD,2022-01-11,25,14,68,247,82,15,4,0,2,4,1
TeamB,TeamG,2022-01-13,7,3,61,200,62,19,4,0,4,2,0
TeamE,TeamH,2022-01-18,5,2,58,441,78,19,1,1,2,6,-1
TeamF,TeamA,2022-01-20,25,12,70,227,88,7,3,0,2,10,1
TeamE,TeamH,2022-01-21,8,2,43,416,61,9,0,2,5,11,-1
TeamD,TeamE,2022-01-23,10,1,70,214,91,11,3,0,3,12,-1
TeamJ,TeamI,2022-01-29,11,3,49,425,75,14,2,0,5,11,-1
TeamD,TeamG,2022-01-29,6,4,32,288,88,18,0,0,2,3,0
TeamI,TeamF,2022-02-02,13,10,43,273,61,15,4,2,6,12,1
TeamH,TeamF,2022-02-04,14,11,34,435,70,15,0,2,1,5,1
TeamI,TeamD,2022-02-04,11,5,66,341,76,15,5,2,2,5,-1
TeamA,TeamH,2022-02-05,12,11,44,579,68,6,2,0,4,10,1
TeamE,TeamI,2022-02-10,7,7,35,429,93,6,5,2,2,3,0
TeamB,TeamF,2022-02-14,22,1,32,513,68,9,1,2,5,5,-1
TeamA,TeamF,2022-02-17,17,14,38,485,72,14,0,2,1,9,1
TeamB,TeamI,2022-02-22,25,9,41,595,67,5,2,2,1,2,-1
TeamF,TeamC,2022-02-23,7,6,35,345,63,20,1,0,3,11,0
TeamI,TeamE,2022-02-23,9,0,46,233,69,5,1,0,3,10,-1
TeamD,TeamE,2022-02-26,16,9,45,450,87,6,0,2,5,3,0
TeamC,TeamE,2022-02-26,8,3,55,245,62,16,4,2,4,12,-1
TeamI,TeamB,2022-02-27,18,10,38,477,94,13,2,0,2,8,1
TeamI,TeamD,2022-03-01,18,5,38,227,64,10,3,2,1,7,-1
TeamC,TeamA,2022-03-05,21,10,38,533,92,16,0,2,5,6,1
TeamJ,TeamH,2022-03-10,20,14,42,298,91,17,3,0,6,4,1
TeamF,TeamC,2022-03-12,10,9,67,486,80,18,4,0,4,10,0
TeamB,TeamA,2022-03-14,5,4,66,319,65,14,3,2,4,8,0
TeamI,TeamB,2022-03-18,5,3,69,573,77,15,2,1,3,2,-1
TeamA,TeamB,2022-03-19,18,18,43,308,76,20,3,0,0,11,1
TeamI,TeamJ,2022-03-22,25,22,32,599,65,12,1,1,4,6,1
TeamA,TeamH,2022-03-23,13,5,39,298,82,9,5,0,0,5,1
TeamG,TeamD,2022-03-25,17,1,38,565,93,12,3,2,0,2,-1
TeamG,TeamF,2022-03-25,7,7,70,454,72,10,3,1,4,9,1
TeamG,TeamC,2022-03-25,24,17,69,438,74,6,0,1,4,5,1
TeamG,TeamJ,2022-03-26,18,8,37,356,60,12,4,2,1,2,1
TeamI,TeamF,2022-03-28,10,1,52,303,94,19,0,2,3,2,-1
TeamF,TeamJ,2022-04-03,23,4,41,504,92,15,5,2,0,11,-1
TeamE,TeamF,2022-04-04,22,1,36,450,68,10,2,1,2,4,-1
TeamD,TeamE,2022-04-07,15,6,31,559,82,7,3,2,5,11,-1
TeamJ,TeamH,2022-04-07,5,2,63,371,68,20,4,1,1,8,0
TeamC,TeamI,2022-04-08,25,25,61,354,93,12,5,0,0,5,1
TeamE,TeamF,2022-04-08,18,15,65,557,91,7,4,1,2,4,0
TeamB,TeamG,2022-04-09,18,9,66,531,81,5,5,0,5,9,1
TeamC,TeamD,2022-04-11,13,5,56,576,71,9,1,1,5,12,-1
TeamC,TeamA,2022-04-12,5,5,68,264,83,18,5,2,2,3,-1
TeamJ,TeamI,2022-04-17,25,10,48,373,63,5,2,2,6,2,1
TeamJ,TeamF,2022-04-20,22,11,69,390,82,5,0,1,3,8,1
TeamB,TeamC,2022-04-21,7,4,32,459,64,7,5,0,1,11,0
TeamJ,TeamI,2022-04-21,16,5,67,278,92,15,4,0,6,8,0
TeamD,TeamF,2022-04-23,23,6,32,208,61,14,2,0,2,3,1
TeamF,TeamE,2022-04-24,6,5,65,577,82,8,1,0,1,5,-1
TeamE,TeamC,2022-04-27,20,8,67,483,92,14,1,0,6,10,1
TeamE,TeamI,2022-05-01,9,1,46,570,68,15,4,1,2,11,0
TeamB,TeamH,2022-05-01,11,3,44,527,78,9,0,0,6,5,-1
TeamI,TeamC,2022-05-04,18,18,64,518,68,10,3,1,6,10,1
TeamE,TeamH,2022-05-08,24,15,66,405,62,11,0,2,3,8,1
TeamA,TeamB,2022-05-09,22,4,33,319,91,14,3,1,0,12,0
TeamH,TeamF,2022-05-10,12,1,39,590,91,18,1,1,4,8,-1
TeamC,TeamD,2022-05-10,15,0,38,541,90,13,0,0,0,8,-1
TeamD,TeamA,2022-05-12,23,20,37,342,93,18,3,0,6,12,1
TeamI,TeamD,2022-05-13,16,4,31,447,72,9,4,1,3,4,0
TeamB,TeamD,2022-05-15,15,4,43,203,87,18,5,0,2,8,-1
TeamI,TeamA,2022-05-18,18,8,68,489,74,8,0,1,6,6,-1
TeamH,TeamC,2022-05-27,16,9,32,550,80,16,5,2,5,4,1
TeamF,TeamB,2022-05-28,5,0,63,204,87,13,1,2,4,3,-1
TeamF,TeamD,2022-05-29,7,5,41,445,67,14,3,1,5,4,0
TeamJ,TeamF,2022-05-30,5,2,34,332,69,14,3,0,6,10,0
TeamA,TeamJ,2022-06-06,6,0,43,501,93,11,1,2,3,9,-1
TeamI,TeamD,2022-06-07,9,0,51,416,95,6,3,0,2,6,-1
TeamI,TeamA,2022-06-07,23,19,68,475,85,13,3,1,4,11,1
TeamB,TeamC,2022-06-09,15,10,62,301,71,5,4,1,4,11,-1
TeamE,TeamI,2022-06-11,5,1,50,347,76,11,5,1,0,7,-1
TeamC,TeamE,2022-06-11,8,5,51,592,82,15,4,1,6,9,0
TeamD,TeamC,2022-06-11,19,14,65,306,93,10,5,0,4,3,-1
TeamC,TeamB,2022-06-11,16,7,40,318,91,6,5,2,2,2,0
TeamF,TeamE,2022-06-11,7,6,33,580,90,17,0,2,3,5,-1
TeamG,TeamF,2022-06-24,5,2,50,402,68,15,5,1,1,6,0
TeamA,TeamF,2022-06-28,17,7,31,392,89,5,1,0,3,4,-1
TeamA,TeamH,2022-06-28,6,1,40,259,80,5,0,0,4,7,-1
TeamC,TeamE,2022-07-02,7,7,38,598,73,15,5,2,5,12,-1
TeamB,TeamF,2022-07-03,24,2,32,237,70,8,2,1,5,8,0
TeamA,TeamG,2022-07-06,20,6,55,600,79,10,0,2,1,2,0
TeamH,TeamJ,2022-07-10,14,8,37,317,74,8,5,0,4,9,-1
TeamG,TeamC,2022-07-12,16,7,33,554,62,11,1,2,5,6,1
TeamE,TeamA,2022-07-15,8,4,40,207,63,11,3,1,3,4,0
TeamI,TeamE,2022-07-16,6,0,39,479,95,11,1,0,5,10,-1
TeamI,TeamG,2022-07-17,6,3,67,518,66,6,1,2,6,7,0
TeamC,TeamJ,2022-07-20,11,10,49,577,82,15,0,2,3,9,-1
TeamE,TeamB,2022-07-20,19,17,57,374,91,19,5,2,0,10,0
TeamJ,TeamA,2022-07-21,5,2,67,428,75,19,3,0,2,8,-1
TeamC,TeamJ,2022-07-22,5,1,44,494,83,15,5,2,4,6,-1
TeamH,TeamE,2022-07-26,20,12,70,388,85,17,2,1,1,4,-1
TeamC,TeamB,2022-08-01,5,3,38,589,63,9,4,2,1,11,-1
TeamI,TeamH,2022-08-02,9,5,56,252,82,10,5,1,1,4,-1
TeamE,TeamF,2022-08-04,7,3,70,435,89,12,3,2,5,8,0
TeamJ,TeamD,2022-08-05,13,6,30,281,67,16,2,1,1,11,-1
TeamA,TeamB,2022-08-05,14,12,38,501,75,6,0,0,5,3,1
TeamG,TeamJ,2022-08-08,23,8,35,509,77,5,0,1,6,3,-1
TeamG,TeamE,2022-08-08,11,1,48,506,84,7,4,2,2,10,-1
TeamI,TeamG,2022-08-09,6,5,35,328,86,12,3,2,4,9,1
TeamJ,TeamA,2022-08-09,12,0,39,203,79,5,1,0,5,10,-1
TeamA,TeamE,2022-08-13,12,10,45,487,74,9,4,1,4,3,0
TeamA,TeamJ,2022-08-14,16,10,31,248,61,15,0,0,2,12,1
TeamD,TeamB,2022-08-23,12,8,68,540,89,8,2,2,4,11,1
TeamA,TeamD,2022-08-23,11,8,61,589,95,19,5,0,2,12,-1
TeamB,TeamG,2022-08-23,16,12,56,308,86,8,0,0,1,4,1
TeamJ,TeamI,2022-08-24,9,2,61,243,95,11,2,2,0,10,-1
TeamJ,TeamA,2022-08-26,22,19,49,578,80,12,2,0,2,7,1
TeamG,TeamJ,2022-08-28,23,0,36,409,67,10,4,0,0,5,-1
TeamA,TeamD,2022-08-30,7,6,34,353,95,20,4,2,6,4,1
TeamD,TeamI,2022-08-31,21,7,69,583,71,20,2,0,0,4,-1
TeamI,TeamF,2022-09-01,5,4,65,338,68,16,4,2,0,10,0
TeamJ,TeamG,2022-09-01,17,10,39,355,81,17,4,2,5,5,1
TeamC,TeamF,2022-09-03,19,1,46,425,81,9,4,2,0,11,-1
TeamB,TeamA,2022-09-09,17,11,45,532,66,10,2,1,4,8,-1
TeamD,TeamG,2022-09-12,8,3,69,459,80,17,0,0,1,11,-1
TeamC,TeamJ,2022-09-13,11,5,32,519,73,9,5,2,2,8,-1
TeamE,TeamH,2022-09-20,18,2,42,507,70,14,4,2,2,4,-1
TeamD,TeamE,2022-09-21,15,11,68,459,66,13,3,0,5,2,1
TeamG,TeamH,2022-09-23,14,6,48,370,90,9,5,0,2,6,-1
TeamB,TeamE,2022-09-24,13,5,45,472,77,20,1,2,4,9,-1
TeamJ,TeamA,2022-09-27,23,11,70,354,83,6,5,2,0,11,1
TeamF,TeamE,2022-09-28,14,12,57,300,91,12,0,0,5,3,1
TeamC,TeamD,2022-10-02,9,2,31,223,60,8,2,2,5,3,-1
TeamH,TeamB,2022-10-04,9,9,50,544,70,20,5,2,3,10,0
TeamH,TeamA,2022-10-05,21,10,68,278,78,16,1,0,6,8,0
TeamC,TeamE,2022-10-05,7,0,55,568,86,10,4,0,5,2,-1
TeamJ,TeamD,2022-10-08,25,8,31,509,89,10,1,0,5,5,1
TeamA,TeamI,2022-10-10,18,15,36,439,64,13,3,0,2,11,1
TeamA,TeamI,2022-10-11,20,13,37,234,82,19,2,1,0,7,1
TeamF,TeamB,2022-10-12,13,2,53,376,60,13,3,2,5,5,-1
TeamD,TeamC,2022-10-15,10,6,38,240,93,18,3,1,3,2,-1
TeamF,TeamJ,2022-10-15,15,9,70,539,68,10,3,0,3,12,1
TeamA,TeamE,2022-10-15,16,10,45,275,68,14,4,0,1,5,0
TeamA,TeamD,2022-10-23,5,4,34,431,93,5,1,1,6,7,0
TeamE,TeamD,2022-10-25,19,6,36,305,72,8,2,0,1,2,-1
TeamA,TeamI,2022-10-26,18,3,61,530,79,10,1,0,1,10,-1
TeamD,TeamG,2022-10-26,10,1,52,297,66,10,0,2,3,12,-1
TeamJ,TeamH,2022-10-29,24,0,37,564,92,18,5,2,0,11,0
TeamA,TeamE,2022-10-29,6,3,45,553,74,9,5,1,1,3,1
TeamJ,TeamH,2022-10-31,7,6,53,303,85,17,1,2,1,3,0
TeamA,TeamD,2022-11-04,6,1,48,486,83,14,2,1,0,6,-1
TeamC,TeamG,2022-11-06,10,7,30,412,84,5,2,0,1,8,1
TeamI,TeamF,2022-11-06,12,3,60,573,63,10,1,1,2,6,1
TeamH,TeamI,2022-11-09,23,19,60,542,83,18,1,0,6,5,1
TeamJ,TeamE,2022-11-13,11,6,51,235,93,14,3,0,2,3,-1
TeamH,TeamD,2022-11-16,25,6,65,216,88,9,4,1,2,7,0
TeamE,TeamI,2022-11-16,5,5,56,222,79,8,0,1,2,5,0
TeamB,TeamA,2022-11-20,17,11,43,267,81,7,0,0,1,7,1
TeamB,TeamC,2022-11-23,16,8,44,267,88,18,4,0,4,8,1
TeamD,TeamJ,2022-11-29,7,4,42,485,79,9,5,0,0,3,-1
TeamG,TeamF,2022-11-29,8,6,48,331,82,16,5,0,1,4,-1
TeamG,TeamD,2022-12-01,23,21,46,438,94,16,5,1,3,8,1
TeamF,TeamA,2022-12-01,12,9,59,398,81,13,2,1,1,10,1
TeamJ,TeamF,2022-12-02,20,19,59,517,75,20,3,2,5,2,1
TeamA,TeamF,2022-12-03,18,18,34,247,77,10,2,2,6,10,1
TeamH,TeamF,2022-12-03,10,0,34,561,90,17,3,0,2,6,-1
TeamI,TeamC,2022-12-03,24,19,62,394,63,10,2,0,5,10,1
TeamA,TeamD,2022-12-03,9,2,70,478,67,7,5,1,5,3,-1
TeamD,TeamI,2022-12-06,11,3,64,566,76,8,1,2,0,12,0
TeamB,TeamH,2022-12-07,13,3,68,555,64,8,4,1,4,11,-1
TeamD,TeamA,2022-12-07,17,5,69,411,74,20,1,2,1,4,1
TeamG,TeamH,2022-12-11,22,17,30,344,75,18,3,0,6,5,1
TeamE,TeamH,2022-12-13,5,4,37,499,93,5,1,0,3,11,-1
TeamB,TeamE,2022-12-21,8,0,67,364,75,6,1,1,2,10,0
TeamA,TeamH,2022-12-22,13,4,36,342,66,19,4,0,6,2,-1
TeamF,TeamA,2022-12-23,7,6,49,503,69,14,5,0,5,5,1
TeamB,TeamJ,2022-12-24,17,5,62,338,71,13,4,2,1,6,0
TeamB,TeamD,2022-12-31,22,11,39,591,84,10,1,0,4,8,1
TeamF,TeamH,2023-01-01,25,16,45,561,87,18,1,0,3,4,0
TeamA,TeamH,2023-01-02,24,7,64,203,60,13,1,1,0,2,0
TeamC,TeamG,2023-01-03,13,2,61,291,65,14,2,1,1,12,0
TeamI,TeamB,2023-01-03,25,18,55,252,63,14,0,0,5,10,1
TeamF,TeamG,2023-01-05,9,1,63,401,91,7,0,2,3,8,-1
TeamJ,TeamG,2023-01-08,6,5,30,565,88,14,1,2,6,11,-1
TeamJ,TeamF,2023-01-11,23,7,54,468,83,16,3,0,2,5,1
TeamH,TeamG,2023-01-13,17,7,49,498,89,11,4,2,2,5,-1
TeamA,TeamG,2023-01-19,25,7,44,536,83,10,3,0,6,6,1
TeamF,TeamA,2023-01-24,22,6,31,250,89,18,0,0,0,8,0
TeamF,TeamD,2023-01-25,22,11,67,327,91,20,3,2,0,6,-1
TeamH,TeamD,2023-01-25,24,4,48,272,86,15,1,2,6,8,-1
TeamC,TeamG,2023-01-25,12,4,38,316,63,18,0,0,4,9,1
TeamE,TeamJ,2023-01-26,18,8,45,324,67,8,4,2,1,11,0
TeamA,TeamG,2023-02-01,25,10,64,366,65,7,0,2,2,11,1
TeamB,TeamC,2023-02-02,7,3,59,491,73,5,5,1,0,7,-1
TeamF,TeamC,2023-02-03,6,3,46,201,83,12,4,2,1,11,-1
TeamH,TeamC,2023-02-06,12,8,66,447,64,19,3,0,6,10,1
TeamG,TeamB,2023-02-06,5,0,46,472,75,14,3,0,1,8,-1
TeamA,TeamB,2023-02-07,22,15,62,502,94,5,5,2,0,11,1
TeamA,TeamG,2023-02-15,22,13,48,294,90,13,1,1,3,8,1
TeamA,TeamI,2023-02-15,17,11,65,576,60,10,5,2,0,11,1
TeamF,TeamE,2023-02-16,21,13,53,243,85,17,4,0,5,5,1
TeamF,TeamI,2023-02-20,25,13,56,338,93,6,1,1,4,10,1
TeamA,TeamG,2023-02-21,15,2,65,461,73,16,3,0,6,11,-1
TeamH,TeamI,2023-02-26,20,20,36,439,86,14,4,1,5,10,1
TeamG,TeamI,2023-02-28,20,0,32,305,63,12,1,2,6,7,-1
TeamE,TeamC,2023-03-05,24,16,31,493,89,10,3,1,5,10,1
TeamB,TeamG,2023-03-11,10,3,60,530,83,13,0,2,1,5,-1
TeamJ,TeamH,2023-03-13,16,12,36,339,82,9,2,2,2,8,1
TeamH,TeamJ,2023-03-13,10,0,38,273,83,7,3,0,5,6,-1
TeamD,TeamC,2023-03-14,11,7,53,377,72,20,2,1,6,10,-1
TeamG,TeamB,2023-03-15,18,11,57,235,81,13,5,2,4,10,-1
TeamB,TeamJ,2023-03-16,7,5,34,506,89,20,2,2,1,12,0
TeamA,TeamJ,2023-03-23,9,3,52,597,68,5,3,1,5,9,-1
TeamG,TeamA,2023-03-25,15,5,34,529,61,20,3,0,0,10,-1
TeamA,TeamI,2023-03-26,19,14,52,456,94,18,1,0,6,3,-1
TeamI,TeamG,2023-03-26,15,8,67,409,74,9,4,1,6,3,0
TeamA,TeamD,2023-04-01,19,18,31,450,91,10,1,1,4,2,1
TeamE,TeamG,2023-04-03,15,4,50,507,88,16,2,1,0,4,-1
TeamA,TeamH,2023-04-04,6,0,33,462,76,15,1,0,6,2,0
TeamE,TeamD,2023-04-04,14,12,34,243,88,12,0,2,0,4,0
TeamG,TeamF,2023-04-04,18,8,39,527,88,16,2,2,5,11,1
TeamJ,TeamD,2023-04-05,24,2,56,498,81,5,0,1,6,5,0
TeamD,TeamH,2023-04-06,12,8,58,559,74,15,3,0,4,12,0
TeamB,TeamH,2023-04-07,22,1,36,246,82,13,3,0,3,3,0
TeamD,TeamF,2023-04-09,12,6,69,597,77,18,4,1,4,3,1
TeamE,TeamC,2023-04-13,13,12,53,544,87,14,0,0,6,4,1
TeamJ,TeamD,2023-04-15,9,5,53,248,80,5,1,1,1,5,0
TeamI,TeamB,2023-04-20,24,20,65,456,63,11,3,0,5,9,1
TeamD,TeamC,2023-04-25,9,6,39,270,69,13,2,2,0,4,0
TeamG,TeamF,2023-05-01,12,8,34,455,62,6,0,2,4,10,-1
TeamF,TeamB,2023-05-01,5,4,31,386,90,10,5,1,5,4,0
TeamG,TeamF,2023-05-05,12,4,41,432,68,15,1,1,4,8,0
TeamA,TeamC,2023-05-09,23,2,66,396,76,9,0,1,0,7,-1
TeamA,TeamG,2023-05-12,14,14,53,434,82,16,3,1,3,12,1
TeamG,TeamH,2023-05-12,5,4,64,211,83,16,0,1,5,9,-1
TeamG,TeamB,2023-05-14,25,0,59,326,93,20,3,0,4,6,0
TeamC,TeamG,2023-05-15,7,0,41,493,75,11,3,2,4,2,0
TeamE,TeamG,2023-05-19,22,15,42,540,64,17,3,1,6,10,1
TeamG,TeamC,2023-05-22,13,6,39,422,81,17,2,2,0,5,1
TeamA,TeamD,2023-05-25,19,12,69,550,61,19,0,0,2,2,1
TeamA,TeamI,2023-05-31,6,4,70,316,85,13,0,1,6,2,1
TeamB,TeamH,2023-06-02,16,16,67,439,60,15,5,0,0,5,0
TeamC,TeamI,2023-06-05,22,5,38,343,83,5,3,0,6,5,-1
TeamI,TeamH,2023-06-08,6,3,35,353,70,20,3,0,6,7,-1
TeamG,TeamH,2023-06-14,25,13,68,318,65,16,1,0,6,5,-1
TeamE,TeamF,2023-06-15,16,3,49,205,69,17,5,1,5,11,-1
TeamH,TeamD,2023-06-17,24,17,41,494,71,20,1,1,3,5,1
TeamA,TeamG,2023-06-17,18,3,59,230,68,7,5,1,4,8,-1
TeamG,TeamE,2023-06-20,13,1,51,320,85,7,4,1,0,11,-1
TeamB,TeamF,2023-06-22,19,6,48,430,84,9,2,2,4,3,0
TeamD,TeamB,2023-06-22,14,2,37,508,89,16,3,0,5,4,0
TeamE,TeamB,2023-06-24,14,6,37,269,75,6,2,2,6,10,-1
TeamB,TeamF,2023-06-28,19,14,60,489,82,8,3,0,5,2,1
TeamH,TeamF,2023-06-28,21,20,69,382,69,19,5,0,5,3,1
TeamA,TeamH,2023-06-29,10,3,46,291,80,20,5,0,4,9,0
TeamE,TeamH,2023-07-06,10,2,43,429,85,13,3,1,0,5,0
TeamE,TeamA,2023-07-07,16,13,34,551,74,15,0,0,0,8,1
TeamC,TeamG,2023-07-07,13,5,52,521,69,13,1,0,5,12,-1
TeamF,TeamH,2023-07-08,20,18,36,370,71,7,3,1,0,8,1
TeamH,TeamE,2023-07-09,21,6,69,350,94,19,3,0,0,8,1
TeamB,TeamF,2023-07-09,17,6,48,349,65,13,1,0,4,2,0
TeamA,TeamH,2023-07-09,19,19,49,202,83,10,2,0,3,9,1
TeamD,TeamF,2023-07-15,18,10,52,475,89,9,4,0,4,11,0
TeamF,TeamI,2023-07-15,18,3,52,353,73,11,3,2,1,5,-1
TeamA,TeamI,2023-07-17,5,2,48,327,95,9,5,1,1,7,-1
TeamF,TeamB,2023-07-19,15,2,59,448,83,7,4,0,5,10,0
TeamA,TeamB,2023-07-20,20,18,38,260,91,15,4,1,1,8,0
TeamH,TeamB,2023-07-23,20,17,57,490,70,20,2,1,4,2,1
TeamE,TeamD,2023-07-25,17,15,56,571,76,15,0,2,5,7,0
TeamC,TeamD,2023-07-27,23,22,48,509,68,12,3,2,1,9,1
TeamD,TeamF,2023-07-27,5,3,68,403,83,8,1,1,3,10,0
TeamI,TeamF,2023-07-29,24,5,31,306,85,15,5,2,1,7,-1
TeamD,TeamG,2023-07-31,5,2,59,378,66,16,0,1,0,3,-1
TeamF,TeamG,2023-08-02,25,0,68,232,83,6,1,2,5,9,0
TeamA,TeamG,2023-08-03,25,16,45,403,82,20,5,2,2,10,1
TeamH,TeamG,2023-08-04,21,10,41,346,62,6,3,1,0,11,1
TeamI,TeamA,2023-08-09,5,4,32,489,67,7,2,2,1,8,0
TeamH,TeamI,2023-08-10,13,10,54,445,91,11,3,0,1,10,1
TeamB,TeamD,2023-08-11,6,4,37,493,75,11,4,1,2,8,1
TeamD,TeamI,2023-08-12,19,13,35,595,68,14,0,0,4,10,1
TeamA,TeamF,2023-08-13,18,13,33,450,77,5,2,1,2,2,1
TeamD,TeamF,2023-08-14,22,0,55,584,64,11,5,2,4,12,-1
TeamJ,TeamC,2023-08-16,19,18,58,366,66,5,1,2,2,11,1
TeamD,TeamC,2023-08-17,15,10,34,380,84,6,1,0,6,6,1
TeamF,TeamG,2023-08-18,21,2,41,476,67,5,1,0,1,2,0
TeamG,TeamF,2023-08-20,21,2,53,327,81,20,2,0,1,12,-1
TeamE,TeamI,2023-08-21,24,2,67,463,63,5,1,1,6,9,-1
TeamC,TeamH,2023-08-26,22,9,36,546,75,20,2,1,4,7,-1
TeamG,TeamE,2023-08-29,21,3,43,259,60,19,3,1,6,6,-1
TeamC,TeamA,2023-08-31,19,8,70,283,76,7,1,0,1,4,1
TeamD,TeamB,2023-09-01,23,3,48,541,68,18,1,1,4,12,0
TeamB,TeamH,2023-09-03,10,1,50,521,61,6,5,2,0,4,0
TeamE,TeamJ,2023-09-05,9,3,67,488,86,20,4,1,4,8,0
TeamE,TeamD,2023-09-08,19,4,44,280,74,9,1,2,1,11,1
TeamB,TeamD,2023-09-09,6,4,65,422,65,19,5,0,5,10,0
TeamJ,TeamF,2023-09-10,11,5,30,474,82,8,5,1,4,8,-1
TeamB,TeamG,2023-09-22,11,10,69,463,72,11,1,0,6,3,0
TeamE,TeamJ,2023-09-24,19,17,34,355,67,5,3,1,2,12,1
TeamG,TeamC,2023-09-25,25,11,34,463,85,20,0,1,3,2,1
TeamG,TeamE,2023-09-26,8,8,41,382,64,8,2,2,1,6,0
TeamE,TeamB,2023-09-27,10,10,32,260,85,17,5,0,2,7,0
TeamI,TeamC,2023-09-30,5,1,63,395,62,13,4,2,5,11,-1
TeamC,TeamE,2023-10-01,23,15,30,459,73,9,2,1,0,2,1
TeamC,TeamA,2023-10-04,7,7,58,391,92,9,4,2,1,2,1
TeamJ,TeamA,2023-10-04,15,11,43,491,60,5,0,0,4,2,1
TeamI,TeamJ,2023-10-05,18,5,50,354,65,11,5,1,6,3,-1
TeamH,TeamI,2023-10-07,20,5,49,551,91,5,3,1,5,4,0
TeamH,TeamJ,2023-10-12,21,16,56,228,85,12,4,1,3,3,1
TeamA,TeamB,2023-10-12,18,13,45,204,70,13,2,0,0,12,0
TeamB,TeamE,2023-10-19,25,9,59,477,67,13,3,0,3,9,1
TeamA,TeamI,2023-10-24,24,24,31,211,86,6,0,2,0,10,1
TeamI,TeamG,2023-10-24,20,13,45,485,63,18,0,2,5,4,0
TeamD,TeamC,2023-10-29,17,13,53,451,86,14,2,1,5,7,0
TeamE,TeamA,2023-10-30,6,0,46,578,67,10,2,1,5,5,-1
TeamG,TeamF,2023-10-31,10,8,54,424,78,16,4,1,2,5,1
TeamB,TeamE,2023-11-01,17,0,42,543,93,10,2,1,0,5,-1
TeamF,TeamG,2023-11-02,21,4,70,507,69,14,0,1,2,5,-1
TeamE,TeamB,2023-11-02,12,10,56,337,91,11,5,1,4,8,-1
TeamC,TeamI,2023-11-03,8,6,36,290,69,7,0,2,3,9,-1
TeamF,TeamG,2023-11-03,9,7,45,524,63,6,4,2,6,11,0
TeamI,TeamD,2023-11-06,14,13,45,471,71,16,0,1,4,10,1
TeamG,TeamC,2023-11-07,23,18,42,221,71,18,0,2,2,7,1
TeamC,TeamB,2023-11-13,13,11,66,543,80,11,1,2,1,9,1
TeamA,TeamE,2023-11-14,6,4,51,509,71,13,3,1,1,9,0
TeamJ,TeamB,2023-11-15,16,3,42,371,77,10,2,1,1,2,-1
TeamJ,TeamC,2023-11-16,15,0,63,466,89,7,5,0,5,6,-1
TeamD,TeamJ,2023-11-16,5,1,69,220,67,19,1,2,5,8,-1
TeamH,TeamE,2023-11-18,23,17,49,470,70,19,3,2,1,4,1
TeamD,TeamJ,2023-11-20,18,13,41,219,79,9,5,1,3,9,1
TeamD,TeamJ,2023-11-21,19,9,59,311,90,16,3,0,1,7,1
TeamI,TeamE,2023-11-23,25,24,52,366,70,9,3,1,6,3,1
TeamJ,TeamI,2023-11-23,7,7,58,260,62,17,2,2,2,10,-1
TeamG,TeamH,2023-11-24,25,16,36,322,85,12,1,1,4,8,1
TeamG,TeamF,2023-11-24,12,11,32,321,69,8,5,1,5,10,1
TeamC,TeamJ,2023-11-28,19,9,61,517,91,14,4,0,5,10,1
TeamI,TeamG,2023-11-29,12,7,63,547,82,12,0,0,2,7,0
TeamI,TeamC,2023-11-30,17,10,59,345,73,8,3,1,5,4,1
TeamH,TeamC,2023-12-02,10,3,53,287,80,11,4,1,5,8,0
TeamG,TeamI,2023-12-02,19,8,55,383,84,19,0,0,3,2,0
TeamJ,TeamD,2023-12-03,14,5,40,227,78,9,4,1,0,6,0
TeamH,TeamE,2023-12-05,10,7,40,494,86,19,4,2,3,12,-1
TeamG,TeamF,2023-12-07,24,6,43,305,86,9,5,0,2,7,0
TeamH,TeamI,2023-12-09,25,16,60,357,66,11,1,2,2,12,1
TeamD,TeamE,2023-12-14,24,21,33,562,76,10,4,1,3,8,1
TeamI,TeamG,2023-12-15,7,1,35,362,92,20,1,1,4,10,-1
TeamE,TeamH,2023-12-18,18,6,60,434,68,15,2,0,4,5,0
TeamD,TeamA,2023-12-22,17,5,60,354,80,14,1,1,3,4,1
TeamI,TeamH,2023-12-27,25,3,51,331,72,7,0,2,5,4,0
TeamB,TeamI,2023-12-29,11,0,43,404,89,20,0,0,0,11,-1
TeamI,TeamH,2024-01-01,7,1,66,570,79,19,4,1,2,12,0
TeamG,TeamD,2024-01-02,12,12,49,260,85,12,0,2,4,6,0
TeamB,TeamA,2024-01-06,11,9,56,524,67,15,1,0,6,11,1
TeamD,TeamA,2024-01-06,24,23,67,207,90,17,4,0,4,6,1
TeamB,TeamC,2024-01-09,18,4,41,275,82,6,0,0,5,7,0
TeamG,TeamE,2024-01-20,14,8,34,237,78,10,5,0,6,3,1
TeamJ,TeamI,2024-01-21,15,3,43,530,89,10,2,0,3,6,1
TeamD,TeamF,2024-01-23,8,1,56,401,83,5,1,0,6,5,0
TeamF,TeamJ,2024-01-29,16,15,70,487,84,14,5,2,3,4,1
TeamE,TeamJ,2024-01-31,6,1,54,463,86,10,4,0,6,9,-1
TeamA,TeamD,2024-02-01,10,10,62,240,93,7,0,2,1,11,1
TeamB,TeamA,2024-02-01,12,7,67,213,88,19,1,2,2,4,1
TeamJ,TeamG,2024-02-02,9,0,41,407,94,13,4,2,5,8,-1
TeamH,TeamC,2024-02-02,15,8,56,532,88,12,3,1,0,6,-1
TeamH,TeamG,2024-02-09,8,4,50,376,93,8,5,1,2,2,-1
TeamH,TeamG,2024-02-11,25,24,45,499,71,5,4,0,6,5,1
TeamB,TeamF,2024-02-12,6,1,68,293,78,19,5,0,1,9,0
TeamF,TeamB,2024-02-17,10,0,57,563,72,8,3,2,4,9,-1
TeamD,TeamF,2024-02-17,18,7,45,436,81,10,0,0,0,4,-1
TeamE,TeamF,2024-02-22,16,8,57,249,69,16,0,0,0,12,0
TeamG,TeamA,2024-02-24,22,14,35,397,76,15,2,2,4,8,1
TeamC,TeamE,2024-02-26,22,12,56,577,75,5,5,2,4,5,1
TeamF,TeamJ,2024-02-26,5,0,50,581,91,6,0,1,5,6,-1
TeamF,TeamG,2024-03-02,20,4,52,373,69,17,0,2,4,3,-1
TeamF,TeamG,2024-03-02,13,3,51,457,62,6,4,0,2,7,0
TeamE,TeamG,2024-03-03,20,5,32,262,88,12,1,0,0,4,-1
TeamB,TeamD,2024-03-08,8,8,54,394,64,15,0,1,1,12,1
TeamF,TeamB,2024-03-09,18,5,34,212,61,13,0,0,6,2,0
TeamA,TeamJ,2024-03-11,6,4,47,243,69,14,2,2,6,12,-1
TeamJ,TeamF,2024-03-15,8,4,36,220,92,16,2,2,0,10,-1
TeamH,TeamE,2024-03-17,12,3,34,252,70,9,3,2,4,5,-1
TeamE,TeamD,2024-03-20,25,18,65,428,63,11,4,1,3,3,1
TeamI,TeamF,2024-03-23,24,24,51,339,91,7,3,2,6,3,1
TeamA,TeamB,2024-03-25,14,14,51,216,94,18,4,1,5,7,1
TeamG,TeamE,2024-03-27,8,0,61,208,65,10,5,0,6,12,-1
TeamI,TeamB,2024-03-27,19,16,63,547,95,19,5,1,1,2,1
TeamB,TeamC,2024-03-29,23,23,50,362,73,6,1,0,5,10,1
TeamJ,TeamE,2024-04-01,11,5,51,342,87,7,2,1,5,4,1
TeamI,TeamG,2024-04-03,13,4,48,348,94,8,4,1,1,2,-1
TeamF,TeamE,2024-04-05,14,10,64,403,92,6,1,1,3,11,0
TeamG,TeamD,2024-04-12,19,18,65,281,63,16,3,1,6,3,-1
TeamF,TeamA,2024-04-13,23,4,39,455,71,6,0,0,3,7,-1
TeamD,TeamA,2024-04-15,5,2,55,292,76,5,2,0,6,10,-1
TeamB,TeamI,2024-04-17,18,5,51,481,61,19,3,2,4,7,0
TeamI,TeamE,2024-04-20,12,8,35,538,66,8,3,2,6,10,0
TeamI,TeamA,2024-04-23,10,4,59,288,86,18,3,1,1,12,-1
TeamG,TeamF,2024-05-03,13,2,52,279,62,11,1,2,5,9,0
TeamD,TeamH,2024-05-05,23,9,61,217,70,13,1,0,6,10,0
TeamA,TeamF,2024-05-07,9,0,35,549,81,19,4,0,5,7,-1
TeamF,TeamB,2024-05-08,8,3,30,264,60,13,2,1,1,10,0
TeamD,TeamE,2024-05-08,15,2,65,547,93,15,5,1,6,4,0
TeamF,TeamC,2024-05-08,21,6,57,384,84,14,2,1,2,6,0
TeamA,TeamJ,2024-05-10,21,13,33,547,76,13,3,1,3,12,1
TeamG,TeamJ,2024-05-11,23,19,38,588,63,14,4,1,4,4,1
TeamH,TeamC,2024-05-11,18,3,53,345,82,10,2,1,0,2,-1
TeamC,TeamE,2024-05-12,8,8,35,200,89,19,2,1,5,10,1
TeamE,TeamF,2024-05-12,20,11,53,515,87,13,0,1,1,7,1
TeamA,TeamJ,2024-05-16,23,18,50,464,75,16,3,1,5,10,1
TeamA,TeamG,2024-05-30,17,9,65,476,74,9,1,1,6,7,0
TeamF,TeamC,2024-05-30,14,12,64,341,81,20,4,0,2,12,1
TeamF,TeamE,2024-06-01,22,5,60,544,72,17,3,2,3,10,1
TeamB,TeamJ,2024-06-05,9,0,55,479,74,11,2,0,5,8,0
TeamG,TeamI,2024-06-09,11,0,46,524,67,15,3,0,1,7,-1
TeamC,TeamF,2024-06-10,5,4,37,546,77,19,4,2,1,6,0
TeamD,TeamG,2024-06-16,25,20,37,447,76,5,5,0,0,6,1
TeamB,TeamA,2024-06-17,17,0,65,325,71,15,2,0,3,11,-1
TeamG,TeamI,2024-06-17,6,2,51,234,95,20,2,0,6,10,-1
TeamJ,TeamH,2024-06-18,6,5,41,326,68,19,0,0,5,11,-1
TeamG,TeamI,2024-06-21,23,13,53,490,69,9,2,2,0,9,1
TeamC,TeamF,2024-06-25,11,4,56,589,87,9,5,0,0,6,-1
TeamD,TeamA,2024-06-26,18,9,30,364,69,15,2,2,3,2,-1
TeamG,TeamA,2024-06-27,13,10,58,265,82,12,1,0,0,4,1
TeamI,TeamG,2024-06-30,5,4,60,401,82,12,4,1,2,11,1
TeamF,TeamE,2024-06-30,10,5,34,303,84,7,4,2,3,12,0
TeamH,TeamG,2024-07-01,18,16,58,574,87,9,0,0,0,7,1
TeamB,TeamJ,2024-07-03,6,3,38,349,95,19,2,0,4,2,-1
TeamA,TeamC,2024-07-04,5,4,45,215,83,11,3,2,4,9,0
TeamH,TeamB,2024-07-06,13,5,53,431,82,17,4,0,4,8,0
TeamD,TeamH,2024-07-06,20,9,34,571,61,20,3,2,2,5,1
TeamH,TeamI,2024-07-06,14,6,43,264,72,12,5,2,5,4,1
TeamH,TeamB,2024-07-08,12,0,37,238,88,18,3,1,1,9,-1
TeamE,TeamA,2024-07-08,24,3,47,526,61,20,4,0,6,7,-1
TeamE,TeamF,2024-07-08,10,1,48,427,89,11,4,0,2,3,0
TeamB,TeamI,2024-07-11,19,16,54,212,79,9,0,0,2,4,1
TeamJ,TeamH,2024-07-13,5,3,63,475,74,5,3,1,0,7,-1
TeamA,TeamF,2024-07-13,13,0,49,433,66,10,5,0,4,6,-1
TeamA,TeamG,2024-07-14,7,2,45,260,88,19,1,1,5,4,0
TeamE,TeamI,2024-07-14,10,9,48,361,87,18,0,2,1,12,-1
TeamH,TeamG,2024-07-16,10,6,34,477,92,11,4,2,1,9,-1
TeamG,TeamE,2024-07-20,6,5,41,565,63,19,2,2,4,9,-1
TeamJ,TeamI,2024-07-21,20,18,42,500,92,7,3,2,2,6,1
TeamD,TeamE,2024-07-24,13,1,56,310,95,19,0,1,2,8,0
TeamI,TeamH,2024-07-25,11,8,44,573,87,7,5,1,5,9,1
TeamJ,TeamD,2024-07-26,16,6,45,450,73,20,2,2,2,8,-1
TeamF,TeamE,2024-07-26,23,8,32,392,85,19,1,0,6,9,-1
TeamJ,TeamA,2024-07-28,13,5,55,523,79,17,1,2,5,10,0
TeamI,TeamB,2024-08-03,23,6,68,267,79,5,4,0,6,5,-1
TeamC,TeamE,2024-08-04,8,8,38,273,87,13,0,1,0,4,1
TeamE,TeamD,2024-08-04,14,1,70,228,69,11,4,0,0,4,-1
TeamD,TeamA,2024-08-04,10,5,42,531,68,20,4,1,0,12,-1
TeamI,TeamG,2024-08-13,6,5,55,573,92,19,2,2,4,8,-1
TeamD,TeamH,2024-08-15,8,5,41,464,78,7,1,1,0,6,1
TeamH,TeamB,2024-08-15,18,15,49,390,78,17,4,2,3,2,0
TeamD,TeamJ,2024-08-16,6,4,37,242,65,14,3,2,3,9,-1
TeamA,TeamI,2024-08-17,7,3,41,341,64,12,5,2,5,12,0
TeamD,TeamF,2024-08-21,24,10,60,247,92,9,4,1,0,3,0
TeamI,TeamB,2024-08-22,20,3,30,558,86,15,1,1,5,11,0
TeamB,TeamI,2024-08-22,12,10,42,307,89,9,4,2,3,8,1
TeamJ,TeamH,2024-08-30,8,8,32,566,69,12,5,2,4,9,1
TeamI,TeamF,2024-08-30,24,12,65,534,84,18,3,1,3,8,1
TeamI,TeamC,2024-08-31,9,7,46,420,69,8,2,1,0,3,-1
TeamF,TeamJ,2024-09-03,14,3,70,544,85,9,3,2,0,4,0
TeamF,TeamH,2024-09-14,22,0,48,501,80,15,1,0,4,7,-1
TeamE,TeamH,2024-09-16,24,0,39,534,81,14,4,0,5,12,0
TeamD,TeamA,2024-09-17,8,5,57,398,69,16,0,1,1,12,0
TeamA,TeamD,2024-09-17,12,11,62,578,79,15,5,0,3,12,1
TeamJ,TeamH,2024-09-18,8,5,57,536,62,14,0,0,3,10,-1
TeamF,TeamJ,2024-09-21,6,1,44,241,77,14,0,1,2,11,-1
TeamA,TeamB,2024-09-23,12,7,62,350,67,18,3,0,5,10,-1
TeamD,TeamG,2024-09-27,17,12,34,424,88,18,2,0,4,4,1
TeamB,TeamI,2024-09-27,7,5,39,382,84,10,5,0,1,6,1
TeamF,TeamI,2024-09-28,10,10,69,544,83,16,5,0,1,10,1
TeamI,TeamH,2024-10-03,12,11,30,526,62,12,5,0,6,10,1
TeamI,TeamE,2024-10-04,15,6,39,574,72,20,0,2,0,6,-1
TeamG,TeamC,2024-10-04,11,6,69,326,92,7,1,1,3,2,0
TeamH,TeamI,2024-10-09,5,2,68,552,86,8,5,1,4,4,-1
TeamI,TeamC,2024-10-16,10,0,64,247,84,11,3,2,0,11,-1
TeamG,TeamH,2024-10-18,13,1,41,444,85,20,5,2,3,3,-1
TeamJ,TeamF,2024-10-21,10,5,51,575,94,20,5,2,4,3,-1
TeamE,TeamF,2024-10-23,14,6,57,483,83,19,3,2,3,12,0
TeamA,TeamI,2024-10-25,23,4,36,438,65,15,1,0,1,10,-1
TeamA,TeamE,2024-10-25,6,6,63,560,92,13,2,2,5,2,0
TeamD,TeamI,2024-10-27,10,1,32,445,74,17,4,0,4,7,0
TeamF,TeamB,2024-10-30,11,3,42,421,86,19,5,0,3,8,0
TeamB,TeamC,2024-11-01,20,20,62,469,81,18,2,2,2,3,1
TeamA,TeamB,2024-11-02,10,8,40,250,61,19,1,1,1,11,-1
TeamE,TeamA,2024-11-03,21,2,66,371,73,14,3,2,6,6,-1
TeamJ,TeamF,2024-11-05,6,4,61,454,75,18,2,2,5,12,-1
TeamJ,TeamI,2024-11-09,13,7,41,381,93,5,3,2,4,8,1
TeamB,TeamA,2024-11-14,20,2,54,451,87,11,0,1,6,11,-1
TeamE,TeamF,2024-11-14,17,5,53,477,89,8,1,2,2,8,-1
TeamB,TeamF,2024-11-15,13,6,45,327,90,9,2,1,0,12,-1
TeamF,TeamE,2024-11-16,23,11,64,509,63,9,3,2,3,8,1
TeamD,TeamI,2024-11-18,6,4,50,582,84,17,1,1,6,7,-1
TeamD,TeamA,2024-11-20,21,12,67,215,76,14,4,2,5,10,0
TeamI,TeamJ,2024-11-23,21,7,56,448,75,8,4,1,0,4,-1
TeamA,TeamJ,2024-11-23,8,7,44,397,88,16,5,0,4,5,1
TeamI,TeamE,2024-11-25,10,10,53,421,82,14,4,2,2,6,1
TeamH,TeamJ,2024-11-25,8,1,39,596,75,13,2,0,1,5,0
TeamJ,TeamH,2024-11-27,25,14,64,451,78,15,5,0,3,6,1
TeamF,TeamG,2024-11-29,16,7,42,567,88,15,2,2,6,9,1
TeamJ,TeamF,2024-11-29,16,16,46,467,77,20,0,2,2,9,1
TeamG,TeamB,2024-11-30,13,3,68,356,65,13,0,0,5,8,-1
TeamC,TeamE,2024-12-01,5,3,56,293,85,10,1,0,2,11,-1
TeamC,TeamG,2024-12-03,24,8,59,207,77,17,4,1,3,7,1
TeamE,TeamC,2024-12-05,14,12,63,528,95,16,4,0,2,3,0
TeamD,TeamE,2024-12-09,6,0,67,458,94,19,3,0,4,9,0
TeamB,TeamF,2024-12-10,15,12,66,287,66,10,2,1,2,11,1
TeamA,TeamJ,2024-12-14,22,20,68,561,88,13,4,0,6,12,1
TeamG,TeamJ,2024-12-17,12,3,46,450,90,8,2,2,1,12,-1
TeamF,TeamJ,2024-12-21,24,6,38,382,82,5,0,1,5,12,1
TeamI,TeamF,2024-12-22,11,11,31,439,61,20,5,2,5,2,1
TeamI,TeamG,2024-12-24,9,8,39,576,69,14,1,2,0,7,1
TeamF,TeamC,2024-12-26,19,14,63,505,81,11,0,2,5,2,0
TeamF,TeamH,2024-12-27,11,11,55,443,67,11,2,1,1,12,1
TeamG,TeamJ,2024-12-29,18,12,37,552,67,11,0,1,3,12,1
TeamI,TeamA,2025-01-01,23,22,35,247,79,18,2,2,3,3,1
TeamB,TeamJ,2025-01-02,24,10,60,588,71,19,3,0,5,5,0
TeamI,TeamD,2025-01-03,9,4,39,500,90,17,0,1,3,12,1
TeamB,TeamF,2025-01-04,24,11,59,395,95,6,2,0,5,5,1
TeamH,TeamF,2025-01-05,23,12,68,576,94,18,2,2,2,9,1
TeamF,TeamB,2025-01-07,18,4,40,314,82,7,4,2,2,7,0
TeamE,TeamB,2025-01-08,21,0,65,599,80,19,4,0,4,4,-1
TeamF,TeamI,2025-01-09,21,20,46,340,75,5,2,2,0,9,1
TeamG,TeamD,2025-01-09,9,8,36,573,74,20,3,0,3,5,1
TeamD,TeamB,2025-01-13,22,14,40,226,65,18,4,1,3,3,1
TeamF,TeamH,2025-01-16,13,3,63,374,80,17,2,0,6,6,-1
TeamB,TeamE,2025-01-19,22,14,62,557,78,9,3,2,6,2,1
TeamJ,TeamG,2025-01-22,24,12,55,362,79,19,5,2,5,6,-1
TeamJ,TeamH,2025-01-23,11,5,64,306,68,16,5,1,0,7,1
TeamH,TeamD,2025-02-02,23,6,67,519,74,17,2,1,0,7,1
TeamH,TeamF,2025-02-09,15,13,37,261,74,18,0,1,5,3,1
TeamI,TeamD,2025-02-18,15,5,55,413,67,18,5,1,5,10,1
TeamE,TeamC,2025-02-20,10,1,38,365,69,8,3,1,0,4,0
TeamF,TeamJ,2025-02-22,14,10,47,321,79,13,4,0,5,8,0
TeamI,TeamE,2025-02-25,11,0,32,292,83,18,2,0,2,6,-1
TeamF,TeamD,2025-03-02,22,11,34,577,69,14,2,1,6,5,1
TeamJ,TeamH,2025-03-05,11,10,42,230,64,12,2,0,2,5,1
TeamH,TeamF,2025-03-06,5,2,65,435,80,10,2,2,4,5,-1
TeamF,TeamG,2025-03-07,19,6,63,445,83,15,3,0,6,10,0
TeamF,TeamC,2025-03-09,24,3,49,391,62,8,1,1,5,10,-1
TeamA,TeamI,2025-03-10,14,13,66,201,70,16,4,1,2,11,1
TeamJ,TeamB,2025-03-10,17,4,31,206,86,14,2,0,3,10,-1
TeamA,TeamC,2025-03-11,8,6,68,411,72,8,2,2,0,11,-1
TeamG,TeamH,2025-03-12,21,2,33,425,92,12,0,2,0,11,-1
TeamD,TeamJ,2025-03-14,23,3,42,394,69,12,4,0,1,6,-1
TeamJ,TeamG,2025-03-15,11,11,60,459,72,8,2,1,0,9,-1
TeamD,TeamI,2025-03-16,21,18,56,380,93,20,2,2,5,11,1
TeamE,TeamH,2025-03-18,20,15,65,405,84,10,5,0,4,9,1
TeamC,TeamA,2025-03-18,22,4,62,556,78,8,2,0,3,8,-1
TeamE,TeamA,2025-03-23,15,5,62,212,64,8,2,1,4,2,0
TeamI,TeamG,2025-03-23,17,8,63,413,71,8,1,0,1,3,-1
TeamJ,TeamH,2025-03-26,25,5,41,337,85,19,5,2,4,8,-1
TeamB,TeamE,2025-03-27,17,3,43,299,80,10,4,0,2,4,-1
TeamC,TeamI,2025-03-28,25,20,50,336,91,14,1,1,3,2,1
TeamJ,TeamD,2025-03-29,12,2,30,504,74,20,2,0,4,12,-1
TeamE,TeamG,2025-04-01,8,0,42,364,60,13,3,0,6,4,-1
TeamG,TeamF,2025-04-07,18,9,32,375,87,13,2,0,2,11,-1
TeamG,TeamJ,2025-04-17,12,7,35,320,60,15,3,2,3,4,0
TeamE,TeamH,2025-04-20,17,12,46,312,63,9,3,1,0,12,1
TeamC,TeamH,2025-04-23,18,10,60,321,92,9,2,1,1,11,1
TeamG,TeamA,2025-05-02,10,10,55,579,88,10,3,1,2,6,0
TeamH,TeamJ,2025-05-09,6,0,34,497,71,17,4,2,0,11,-1
TeamC,TeamB,2025-05-09,22,10,31,322,85,19,5,0,6,7,1
TeamA,TeamB,2025-05-13,5,3,37,521,69,20,1,1,3,8,-1
TeamF,TeamE,2025-05-13,6,3,70,452,76,14,4,1,6,11,-1
TeamE,TeamA,2025-05-17,18,18,65,431,66,9,4,0,3,3,1
TeamB,TeamC,2025-05-20,17,5,38,530,89,13,5,2,0,6,1
TeamD,TeamJ,2025-05-20,20,16,33,516,78,10,3,2,0,3,-1
TeamH,TeamJ,2025-05-23,14,7,60,208,62,6,5,0,6,12,1
TeamD,TeamF,2025-05-24,20,1,58,534,71,13,5,0,3,8,-1
TeamF,TeamG,2025-05-24,10,8,61,290,89,7,3,0,5,5,-1
TeamJ,TeamD,2025-05-24,23,19,44,430,89,19,2,0,1,9,1
TeamI,TeamF,2025-05-25,11,1,63,345,88,17,4,0,0,9,0
TeamD,TeamE,2025-05-27,13,6,44,370,88,18,4,2,4,8,1
TeamA,TeamB,2025-05-28,25,24,56,517,85,8,0,2,5,6,1
TeamG,TeamE,2025-06-02,16,9,63,214,87,12,2,0,5,2,1
TeamC,TeamH,2025-06-02,21,11,63,445,66,13,0,0,1,12,1
TeamG,TeamB,2025-06-04,17,15,68,501,89,8,1,1,5,10,1
TeamB,TeamE,2025-06-04,14,1,65,200,95,6,4,2,3,12,0
TeamF,TeamJ,2025-06-12,15,5,59,506,89,10,2,2,6,12,-1
TeamG,TeamI,2025-06-14,13,1,43,323,60,7,2,2,6,4,-1
TeamH,TeamA,2025-06-18,17,12,31,399,79,9,0,1,5,12,0
TeamJ,TeamE,2025-06-20,8,2,52,579,68,12,1,1,4,11,-1
TeamF,TeamG,2025-06-24,13,12,36,594,73,19,3,2,0,4,1
TeamB,TeamJ,2025-06-26,8,6,55,506,79,8,3,2,4,10,1
TeamB,TeamI,2025-07-04,8,5,68,454,67,17,2,1,6,4,0
TeamH,TeamE,2025-07-05,6,6,48,507,87,12,1,0,1,7,1
TeamG,TeamF,2025-07-05,8,7,63,394,83,13,5,2,6,8,0
TeamI,TeamA,2025-07-07,17,0,46,555,65,16,2,1,0,11,-1
TeamE,TeamA,2025-07-08,18,12,66,485,90,5,5,2,1,7,1
TeamC,TeamG,2025-07-11,19,7,47,413,65,10,0,2,2,8,1
TeamD,TeamB,2025-07-11,11,6,31,521,76,20,1,2,0,8,-1
TeamI,TeamJ,2025-07-11,15,4,62,493,72,9,2,1,1,4,-1
TeamH,TeamF,2025-07-14,22,3,61,436,82,13,1,0,0,5,0
TeamB,TeamF,2025-07-14,19,6,34,498,70,11,1,0,6,10,1
TeamB,TeamC,2025-07-17,15,14,66,274,89,15,1,1,2,6,1
TeamF,TeamA,2025-07-20,23,20,58,271,75,20,1,1,4,9,1
TeamF,TeamG,2025-07-22,14,13,34,575,80,12,1,1,6,2,1
TeamJ,TeamI,2025-07-25,18,12,45,302,92,11,0,0,6,10,1
TeamA,TeamI,2025-07-28,23,15,43,565,90,20,5,2,5,3,1
TeamC,TeamI,2025-07-30,24,24,49,499,81,5,0,0,1,4,1
TeamJ,TeamE,2025-08-02,18,3,43,431,65,9,0,2,4,3,0
TeamB,TeamI,2025-08-06,23,18,54,385,93,5,4,2,6,4,1
TeamJ,TeamC,2025-08-07,16,11,51,266,86,13,0,2,5,4,1
TeamE,TeamD,2025-08-09,9,9,48,548,78,19,5,1,4,9,0
TeamD,TeamH,2025-08-09,15,9,33,392,63,9,1,0,4,4,0
TeamE,TeamB,2025-08-10,20,11,48,292,73,6,5,0,4,10,1
TeamI,TeamH,2025-08-12,15,11,46,201,70,8,0,2,6,10,1
TeamA,TeamG,2025-08-23,19,1,46,442,87,8,3,1,0,8,-1
TeamI,TeamF,2025-08-23,8,5,45,303,92,19,4,2,3,8,1
TeamJ,TeamG,2025-08-23,24,19,65,436,74,15,0,2,4,6,1
TeamE,TeamB,2025-08-24,7,3,64,363,83,17,5,0,0,4,-1
TeamC,TeamJ,2025-08-28,19,16,46,234,70,13,2,0,4,9,1
TeamI,TeamF,2025-08-29,11,10,48,461,86,9,4,2,3,4,0
TeamE,TeamB,2025-08-31,25,12,33,292,83,17,2,2,4,2,1
TeamG,TeamI,2025-09-01,22,3,60,263,60,11,3,0,4,12,0
TeamE,TeamI,2025-09-02,5,3,44,439,75,15,1,1,2,6,-1
TeamI,TeamF,2025-09-06,12,7,32,243,70,11,1,1,5,8,1
TeamE,TeamG,2025-09-10,12,1,32,424,85,17,3,2,3,2,-1
TeamC,TeamH,2025-09-10,20,12,55,600,71,19,4,0,0,10,1
TeamA,TeamD,2025-09-11,25,22,61,415,87,18,5,1,0,9,1
TeamI,TeamF,2025-09-13,22,12,55,373,75,5,0,0,6,6,1
TeamJ,TeamI,2025-09-13,15,10,43,348,76,9,0,2,0,3,1
TeamA,TeamI,2025-09-15,14,14,39,575,74,10,0,0,2,7,1
TeamH,TeamE,2025-09-18,20,20,50,260,89,14,4,1,6,12,1
TeamI,TeamG,2025-09-22,9,8,57,577,75,7,4,2,5,9,-1
TeamJ,TeamF,2025-09-22,21,3,30,558,85,19,0,1,0,5,-1
TeamF,TeamD,2025-09-23,20,18,54,401,91,11,3,2,3,5,1
TeamG,TeamH,2025-09-23,23,22,43,441,93,11,3,1,6,2,1
TeamC,TeamG,2025-09-26,23,6,59,361,80,10,3,0,4,12,-1
TeamC,TeamF,2025-09-27,21,19,45,551,71,13,3,0,5,8,1
TeamI,TeamD,2025-09-28,7,6,62,550,90,5,5,2,6,10,-1
TeamI,TeamE,2025-09-28,21,0,30,367,90,12,1,1,6,9,-1
TeamH,TeamF,2025-10-04,17,15,65,354,72,12,4,1,5,11,1
TeamC,TeamF,2025-10-07,6,4,42,276,95,15,3,0,4,5,0
TeamG,TeamH,2025-10-09,21,17,60,373,69,12,0,1,5,12,1
TeamI,TeamG,2025-10-09,7,1,43,393,86,20,4,0,4,5,-1
TeamD,TeamJ,2025-10-10,19,14,50,389,82,18,1,1,1,2,1
TeamH,TeamE,2025-10-12,21,6,57,468,69,9,5,0,0,12,0
TeamF,TeamB,2025-10-15,18,11,38,234,71,14,5,2,4,10,1
TeamF,TeamA,2025-10-15,7,6,58,360,82,19,2,1,0,3,-1
TeamH,TeamI,2025-10-16,5,2,70,277,92,20,4,2,5,10,-1
TeamC,TeamF,2025-10-22,14,11,52,291,76,14,1,0,3,7,1
TeamF,TeamB,2025-10-24,19,14,57,375,66,14,4,2,5,2,-1
TeamE,TeamD,2025-10-27,6,2,70,564,90,14,2,0,5,8,-1
TeamI,TeamG,2025-10-28,21,4,32,425,95,8,0,2,0,6,0
TeamH,TeamI,2025-11-04,12,8,33,556,73,8,0,1,4,6,-1
TeamE,TeamG,2025-11-04,7,0,43,559,65,10,3,1,4,3,0
TeamH,TeamA,2025-11-06,18,0,57,477,78,5,5,1,0,8,0
TeamD,TeamF,2025-11-12,22,9,66,555,82,6,3,0,1,10,1
TeamF,TeamB,2025-11-14,12,12,43,209,83,16,5,1,4,5,0
TeamC,TeamI,2025-11-16,10,6,60,332,75,6,1,2,0,7,1
TeamH,TeamB,2025-11-19,20,7,48,517,84,13,2,2,5,2,1
TeamA,TeamI,2025-11-24,23,20,44,388,66,18,5,1,4,11,1
TeamC,TeamI,2025-11-26,24,19,37,442,60,18,3,0,0,9,1
TeamC,TeamF,2025-11-27,5,2,37,446,84,11,3,0,5,8,-1
TeamA,TeamB,2025-11-28,8,3,47,367,80,18,0,1,3,2,0
TeamI,TeamC,2025-11-29,7,1,52,541,93,7,5,2,0,11,0
TeamC,TeamE,2025-11-29,22,6,54,480,91,15,1,2,0,5,1
TeamD,TeamA,2025-11-30,23,14,51,346,91,19,2,2,0,8,1
TeamH,TeamD,2025-12-01,14,5,31,259,69,8,1,1,3,10,0
TeamI,TeamF,2025-12-05,5,4,63,495,93,17,0,1,2,7,0
TeamJ,TeamI,2025-12-10,24,24,61,505,71,15,3,1,3,12,1
TeamC,TeamF,2025-12-16,19,4,60,407,86,11,2,1,1,12,-1
TeamD,TeamH,2025-12-18,7,0,61,407,89,16,3,1,1,5,-1
TeamB,TeamF,2025-12-22,15,9,39,229,87,11,4,0,2,9,-1
TeamH,TeamD,2025-12-25,6,0,40,274,71,9,0,1,6,3,-1
TeamB,TeamD,2025-12-27,8,0,34,277,66,11,1,1,1,2,-1
TeamH,TeamG,2025-12-27,23,13,67,349,64,5,5,1,1,8,1
